Tiempo (s),Temperatura (°C),Temp. Máx (°C),Temp. Mín (°C)
0.5,23.0711158469785,25,20
1.0,23.212856613099575,25,20
1.5,23.2257421372924,25,20
2.0,23.2257421372924,25,20
2.5,23.212856613099575,25,20
3.0,23.212856613099575,25,20
