Tiempo (s),Temperatura (°C),Temp. Máx (°C),Temp. Mín (°C)
0.5,22.774748790543526,25,20
1.0,22.94226060505025,25,20
1.5,22.9164895566646,25,20
