Tiempo (s),Temperatura (°C),Temp. Máx (°C),Temp. Mín (°C)
0.5,22.349526492180303,25,20
1.0,22.529923830879852,25,20
1.5,22.555694879265502,25,20
2.0,22.542809355072677,25,20
2.5,22.568580403458327,25,20
